00.demo.csv,2
001-mypackage.csv,2
02-npm-jialetest.csv,5
02-there_modules.csv,6
02code-npm.csv,7
03_node_1.csv,10
10-01-2017.csv,20
10node.csv,24
10_10_2018.csv,24
1101kuxuan.csv,26
123zrd.csv,31
13760791696_server.csv,33
14-sbor.csv,33
14_vue_component.csv,33
17-44.csv,36
1706node.csv,36
1720yuchen.csv,36
1903qianiqn.csv,42
1_createserver.csv,44
1click-api.csv,45
1mb-cli.csv,47
2-met-dev-sdk.csv,50
20171129-dell-qin.csv,54
2022-1-4.csv,56
20221110zxy.csv,57
23-and-me.csv,59
2captcha-node.csv,65
2go-test.csv,68
2key-protocol.csv,68
3.23cha.csv,72
3.index_n.js.csv,72
333dkfdkfkd.csv,73
33nodejs.csv,73
3amyah.csv,75
3h1-cli.csv,81
3id-icons.csv,81
4chan-js.csv,87
4chanjs.csv,87
4m-wallet-adapter.csv,90
4okfather-myexpress.csv,90
5.18b.csv,91
518zuoyea.csv,93
5m5v-bot.csv,96
5sigma-ui.csv,96
6bin.csv,99
7.15homework.csv,102
727-weather-cli.csv,102
95thmsw.csv,111
9vuex_store.csv,113
@0xcert-truffle.csv,126
@0xraid-serverless-cli.csv,130
@0xvaibhav---relay.csv,131
@1001josias-news.js.csv,133
@1023-ventures-piral-cli-rupel-csharp-codegen.csv,134
@1023-ventures-piral-cli-rupel-react-codegen.csv,134
@131-fuse-bindings.csv,139
@134dd3v-arbos-precompiles.csv,140
@168-cli-get-npm-info.csv,141
@1chi-fml.js.csv,143
@1eg-cert-manager-to-azion.csv,144
@2060.io-ref-napi.csv,150
@2bit-mailer.csv,154
@2pg-core.csv,157
@3billion-members.csv,163
@555platform-express-decorators.csv,181
@555platform-protektor.csv,181
@5i5j-pdf-service.csv,183
@667-terraform-ts.csv,184
@77io-google-repo-updater.csv,186
@a-a-game-studio-aa-server.csv,197
@a-sync-opencv4nodejs.csv,199
@a0znpm-fecli.csv,200
@a7md0-angular-skyhook.csv,203
@aacassandra-vue-parse-sdk.csv,206
@aahlw-jijitsu.csv,207
@aahlw-kabegami.csv,207
@abandon-cli-get-npm-info.csv,216
@abb-cli-dev-get-npm-info.csv,217
@abdoulaye.diallo.job-keycloack-admin.csv,221
@abhinavmir-corona.csv,227
@ablocker-demo.csv,231
@abmao-bump.csv,231
@absolunet-manager.csv,238
@abtasty-innovation-module-cli.csv,241
@ac-ui-react-components.csv,244
@academyjs-rover.csv,245
@acastellon-dns-client.csv,247
@accept-banano-client.csv,249
@accept-nano-client.csv,249
@acflow-cli.csv,258
@acidic9-slim-select.csv,260
@ackee-be-cli.csv,261
@ack_inc-create-node-proj.csv,261
@acm-js-core.csv,263
@actito-dms-sdk.csv,273
@activeprospect-testlead.csv,274
@adam_inigo-ffi-napi.csv,286
@adam_inigo-ref-napi.csv,286
@adeattwood-diff-cov.csv,294
@aderaldo-toolkit.csv,297
@adguard-hostlist-compiler.csv,298
@adicitus-morrigan.components.core.csv,299
@adminjs-cloud-cli.csv,305
@adobe-aio-cli-plugin-aem-cloud-service-migration.csv,308
@adobe-commerce-events-ext-tpl.csv,310
@adobe-nodegit.csv,313
@adra-network-env-ssm-env.csv,319
@adtan-node_weather_check.csv,325
@advisr-vue-draggable-resizable.csv,333
@ae-scripts-gulp-angular.csv,334
@aeaton-prosemirror-markdown-editor.csv,334
@aelos-mod-mdi.csv,336
@aergoio-athena-compiler.csv,338
@afp-toolkit-interactive-tester.csv,348
@africaswap-periphery.csv,348
@afrosintech-error-notification.csv,349
@ag_meq-rqc.csv,355
@agatee-cli.csv,357
@agoric-xsnap.csv,373
@agreed-ui.csv,374
@aguspeedy-sdktest.csv,378
@agustinm-v-particles.csv,378
@aheadlabs-gulp-w74framework.csv,381
@ahmadbrainworks-tron.csv,382
@ahmedyasin487-practice-one.csv,384
@aibeanw-test.csv,389
@aibulat-restclients.csv,390
@ailo-file-service-client.csv,397
@ailo-graphql-server.csv,397
@ailo-knex-utils.csv,397
@ailo-reporting-service-client.csv,397
@aimake-dev-server.csv,398
@ainize-ainize-js-sdk.csv,400
@aircall-ci-scripts.csv,404
@airsola-mt-cloud-header.csv,408
@airswap-tokens.csv,409
@aishutech-test-package.csv,411
@aisino-cli-plugin-portal.csv,411
@aitech-asia-cli.csv,412
@aiueb-loadstone.csv,413
@ajm-cmake-js.csv,419
@ajnandi-syntax.csv,420
@ak-clown-get-npm-info.csv,421
@akashaproject-ipfs-connector.csv,425
@akenodev-epicgames.csv,429
@akgargo-talana-api-client.csv,429
@akrc-cli.csv,437
@akumzy-fs-watcher.csv,442
@alandawi-dau.csv,448
@alanh-oms-logic.csv,448
@alanh-oms-ui.csv,448
@alanscodelog-tsconfigs.csv,449
@alaskaairux-auro-swatch.csv,451
@alaskaairux-icons.csv,451
@alcalzone-scaffold.csv,457
@alchemized-binary-install.csv,458
@alchemized-devenv.csv,458
@alchemized-skylink.csv,458
@alchemydocs-template.csv,458
@aldinger-vault.csv,460
@alenon-grpc-mock-server.csv,465
@alessio95-card.csv,467
@alex_doone-doone-ui.csv,471
@alexcornejo-get-users.csv,477
@alexeadem-wrtc.csv,477
@alexghirelli-cookiebar.csv,478
