06_npx.csv,14
0ad-tools.csv,16
0mq.csv,17
1-wix-react-native-commons.csv,19
1-wix-react-native-core.csv,19
17zuoye-weapp-taro-build-finish-hook-beautify-vendors.csv,37
17zuoye-weapp-taro-build-finish-hook-copy-appjson.csv,37
17zuoye-weapp-taro-build-finish-hook.csv,37
1809-gjchat.csv,38
1809-hycchat.csv,38
1_test.csv,44
2048-ts-engine.csv,57
22slides-texteditor.csv,59
22texteditor.csv,59
24point.csv,62
2acoin-cryptonote-util.csv,64
2acoin-multi-hashing.csv,64
2cca.csv,65
2domain.csv,67
2fa-cli.csv,67
306-awsidentity.csv,72
3d-force-graph.csv,77
3d-io.csv,77
3dio-js.csv,78
3drotate.csv,79
3f-web3-bzz.csv,79
3f-web3.csv,79
3f-web3-shh.csv,80
3x3c.csv,83
42scalizer.csv,86
433-utils.csv,86
4pager.csv,90
6cord.csv,99
7-1.csv,101
7lab_groove_test.csv,104
7ohm.csv,104
7pmlabs-design-system.csv,104 
8base-cli.csv,108
9tsu-tag-fetcher.csv,113
@!!!!!-require.csv,114
@0x-klaytn-subproviders.csv,120
@0x-fast-abi.csv,122
@0x-neon-router.csv,122
@0x1ance-soulbound.csv,123
@0x5e-homebridge-tuya-platform.csv,124
@0x6368656174-wp-builder.csv,124
@0x706b-effect-ts-express.csv,124
@0x706b-effect-ts-koa.csv,124
@0xmalloc-hh.csv,129
@0xraid-log.csv,130
@100shapes-monday-ui.csv,133
@100shapes-theme-tailwind.csv,133
@1024pix-pix-ui.csv,134
@1057405bcltd-compute-orders-neon.csv,134
@1057405bcltd-hft-rust-co1.csv,134
@1057405bcltd-hft_rust_evol_a_cycler.csv,134
@128technology-authenticate-pam-prebuilt.csv,138
@131-sqlite3.csv,139
@1e05u-eslint-basic-config.csv,143
@1szx1-vite-plugin-swagger2ts.csv,149
@23g-pacos.csv,153
@2fn-toolkit.csv,155
@2node-shell.csv,157
@36node-bus-messenger.csv,161
@36node-jest-runner-newman.csv,161
@3nigm4-front-end-config.csv,167
@3share-3share-cli.csv,168
@42devs-firestore-parser.csv,171
@45air-air-local-docker.csv,172
@4c-fetch-mock.csv,174
@4qwerty7-syspipe.csv,178
@540deg-react-native-mapbox-gl.csv,181
@555platform-utility-belt.js.csv,181
@5studio-bundler.csv,184
@64zoolane-discord.js.csv,184
@67p-aragon-cli.csv,185
@6river-sqlite3.csv,185
@6sigmadc-ngx-translate-extract.csv,185
@7c-parsedomain.csv,187
@_lucky-app-datepicker.csv,195
@_unit-unit.csv,196
@a-ogilvie-eslint-config.csv,198
@a1pos-engine.csv,201
@a8k-changelog.csv,203
@aaa-backend-stack-image-service.csv,204
@aaa3032-executor-of-cmd-commands.csv,204
@aaakca-myf.csv,204
@aabuhijleh-forcefocus.csv,205
@aabuhijleh-native-reg.csv,205
@aabuhijleh-windows-notification-state.csv,205
@aactrim-installer-darwin-arm64.csv,206
@aactrim-installer-linux-x64.csv,206
@aadityasiva-n-c-c.csv,207
@aam-frontend-aam-react-cli.csv,208
@aamasri-dom-utils.csv,208
@aapeli-pcsclite.csv,209
@aaroncheung430-pcsclite.csv,211
@aaronghx-eslint-config-monorepo.csv,211
@aaronhayes-qstring.csv,211
@abdulmutaal-polygon-maker-abdul123132.csv,223
@abhikumar_98-test.csv,226
@abhikumar_98-test1.csv,226
@abhikumar_98-test2.csv,227
@abhishek_005-express-server-template.csv,227
@abhishekrajeshirke-axios-curlirize.csv,228
@abilovelchin-react-ts-starter-kit.csv,229
@abiodunjames-vtionai.csv,229
@abivin-hello.csv,229
@ableco-coding-standards-javascript.csv,230
@abmao-pkgs.csv,231
@abmao-suibian.csv,231
@absis-core-service.csv,237
@absolunet-ioc.csv,238
@absolunet-nwayo-workflow.csv,239
@absolunet-pleaz.csv,239
@abstractmachines-hotstuff.csv,240
@abtnode-router-provider.csv,242
@acagastya-dsts.csv,245
@acalcutt-maplibre-gl-native-test.csv,246
@acastellon-auth.csv,247
@acceleratxr-axr-compose.csv,248
@acceleratxr-redis-server.csv,248
@accility-protoc-tools.csv,250
@acdibble-lazy-range.csv,254
@acelords-vuesax.csv,255
@achingbrain-nat-port-mapper.csv,259
@achingbrain-ngrok.csv,259
@acm-js-system.csv,263
@acme-org-hijacking-test.csv,263
@acomsys-dash-utils.csv,264
@acter-gateway.csv,271
@actions-for-rust-core.csv,272
@adambagusm-waivr.csv,286
@adamdickinson-react-cosmos-esbuild.csv,287
@adelak-rest-ql.csv,295
@adeperio-forcefocus.csv,296
@adgdev-adgcalc.js.csv,298
@adhikari_mithun-function_evaluator.csv,298
@adikari-safebox.csv,300
@aditya6838-angular-starter.csv,301
@adityahegde-misc-scripts.csv,301
@adjai-backend.csv,301
@adnovum-eslint-esn7.csv,307
@adnovum-ionic-appauth.csv,307
@adobe-fixed-uxp-uxp-inspect-frontend.csv,308
@adobe-commerce-cif-commercetools-common.csv,310
@adobe-commerce-cif-magento-common.csv,310
@adobe-gatsby-theme-aio.csv,311
@adobe-gatsby-theme-parliament.csv,311
@adobe-gatsby-theme-spectrum.csv,311
@adobe-uxp-devtools-app.csv,315
@adobe-uxp-devtools-cli.csv,315
@adobe-uxp-devtools-helper.csv,315
@adopisoft-remove-if-env.csv,317
@adreansyah-inhouse.csv,319
@adrianso-react-native-wowza-gocoder.csv,322
@adriantombu-alfred-travis-ci.csv,323
@adroiti-eslint.csv,324
@advanced-rest-client-eslint-config.csv,329
@aesarine-component-notice.csv,341
@af-modules-databinding.csv,343
@aftership-serverless-google-cloudfunctions.csv,351
@agendize-vue-event-booking-widget.csv,362
@agendize-vue-queue.csv,362
@agilatech-bmp183.csv,364
@agilatech-cozir5.csv,364
@agilatech-htu21d.csv,364
@agilatech-rmy85000.csv,365
@agilatech-tsl2561.csv,365
@agilatech-vl6180.csv,365
@agile-framework-agile-node-install.csv,365
@agilita-sap-cf-destconn.csv,367
@agnsu-ts-get.csv,370
@agnsu-ts-helpers.csv,370
@agoric-evaluate.csv,372
@agoric-insecure-evaluate.csv,372
@agrublev-build-tools.csv,376
@agustriadji-upload-files.csv,378
@ahcui-vue3-multiplex.csv,380
@ahmadnassri-build-essential.csv,382
@ahmad_honeycomb-labs-react-native-calendar-picker.csv,382
@ahrefs-bs-emotion-ppx.csv,385
@ahrefs-bs-react-intl-ppx.csv,385
@aichemy-testgold-cypress-plugin.csv,391
@aichemy-wring-cypress-plugin.csv,391
@aicore-libtestutils.csv,391
@aidemaster-node-memwatch.csv,392
@aidenlx-release-it-config.csv,393
@ailo-koa-logger-middleware.csv,397
@ailo-koa-sentry-middleware.csv,397
@aim-digital-tv.csv,398
@aim-digital-web.csv,398
@aimelo-lua.csv,399
@ainb-style.csv,400
@ainiteam-utils.csv,400
@aiou-alfred-workflow-template.csv,401
@airbnb-node-memwatch.csv,403
@airbrake-node.csv,404
@airdot-activities.csv,405
@airdot-verifiers.csv,405
@aire-ux-aire-code-panel.csv,405
@aire-ux-aire-overlay.csv,405
@aire-ux-aire-switch.csv,405
@aire-ux-aire-wizard.csv,405
@airiot-core.csv,407
@airmn-graffiti.csv,407
@aiui-ai-core.csv,414
@ajay-testing-forge-util.csv,417
@ajay-testing-post-install-script-dependency-dependency.csv,417
@ajay-testing-post-install-script-dependnecy.csv,417
@ajay-testing-post-install-script-main.csv,417
@ajiteshbd-create-hardhat-ts-dapp.csv,419
@ajkachnic-koi.csv,419
@ajpm-carta140b1.csv,420
@ajwdmedia-svelterial-symbols-bold.csv,421
@ajwdmedia-svelterial-symbols-light.csv,421
@ajwdmedia-svelterial-symbols.csv,421
@ak1ra-jquery-accordion.csv,422
@ak1ra-jquery-collapsible.csv,422
@akalli-create-akalli-app.csv,423
@akarlsten-spfx-controls-react.csv,424
@akashic-akashic-cli-export-html.csv,425
@akashic-akashic-cli-export.csv,425
@akh-test-junk.csv,429
@akhilome-np.csv,429
@akiflow-electron-panel-window.csv,430
@akiflow-prevent-app-nap.csv,430
@akikowo-chemical-balancer.csv,431
@akimasa-vscode-sqlite3.csv,432
@akiravoid-fluent-markdown.csv,432
@aklesky-runtime.csv,434
@aknight0-electron-winstaller.csv,435
@akorets-driver.csv,436
@akrc-confetti.csv,437
@akumachan-typed-web-api-client.csv,442
@akylas-nativescript.csv,443
@alan910127-next-api-builder.csv,447
@alanbixby-template-generator.csv,447
