0.workspace.csv, 2, undetermined
0ad-tools.csv
0mq.csv
1-wix-react-native-commons.csv
1-wix-react-native-core.csv
1_test.csv
2048-ts-engine.csv
2cca.csv
2domain.csv
2fa-cli.csv
3d-io.csv
3dio-js.csv
3drotate.csv
3f-web3-bzz.csv
3f-web3.csv
3f-web3-shh.csv
42scalizer.csv
433-utils.csv
4pager.csv
6bin.csv
6cord.csv
7lab_groove_test.csv
@0x-klaytn-subproviders.csv
@0x-fast-abi.csv
@0x-neon-router.csv
@0x1ance-soulbound.csv
@0xraid-log.csv
@100shapes-monday-ui.csv
@100shapes-theme-tailwind.csv
@1024pix-pix-ui.csv
@1057405bcltd-compute-orders-neon.csv
@1057405bcltd-hft-rust-co1.csv
@1057405bcltd-hft_rust_evol_a_cycler.csv
@128technology-authenticate-pam-prebuilt.csv
@131-sqlite3.csv
@1e05u-eslint-basic-config.csv
@1szx1-vite-plugin-swagger2ts.csv
@23g-pacos.csv
@3d-dice-dice-box.csv
@3nigm4-front-end-config.csv
@42devs-firestore-parser.csv
@4c-fetch-mock.csv
@4qwerty7-syspipe.csv
@540deg-react-native-mapbox-gl.csv
@555platform-utility-belt.js.csv
@5studio-bundler.csv
@6river-sqlite3.csv
@7c-parsedomain.csv
@_lucky-app-datepicker.csv
@a8k-changelog.csv
@aaakca-myf.csv
@aabuhijleh-windows-notification-state.csv
@aactrim-installer-darwin-arm64.csv
@aactrim-installer-linux-x64.csv
@aaronghx-eslint-config-monorepo.csv
@aaronhayes-hasura-cli.csv
@aaronhayes-qstring.csv
@abhikumar_98-test.csv
@abhikumar_98-test1.csv
@abhikumar_98-test2.csv
@abhishekrajeshirke-axios-curlirize.csv
@abihf-depgraph.csv
@abiodunjames-vtionai.csv
@abivin-hello.csv
@ableco-coding-standards-javascript.csv
@abmao-suibian.csv
@absolunet-pleaz.csv
@abstractmachines-hotstuff.csv
@acagastya-dsts.csv
@acalcutt-maplibre-gl-native-test.csv
@acceleratxr-axr-compose.csv
@acceleratxr-redis-server.csv
@accility-protoc-tools.csv
@acelords-vuesax.csv
@achingbrain-ngrok.csv
@acm-js-core.csv
@acm-js-system.csv
@acme-org-hijacking-test.csv
@acomsys-dash-utils.csv
@adikari-safebox.csv
