escape-string-regexp.csv,benign
resolve-url-loader.csv,benign
vinyl.csv,benign
karma-jasmine-html-reporter.csv,benign
copyfiles.csv,benign
preact.csv,benign
inquirer.csv,benign
chromedriver.csv,benign
through.csv,benign
gh-pages.csv,benign
immutable.csv,benign
jsdom.csv,benign
eslint-plugin-jest.csv,benign
browserslist.csv,benign
lodash.debounce.csv,benign
babel-plugin-dynamic-import-node.csv,benign
minimatch.csv,benign
eslint.csv,benign
gulp-coveralls.csv,malicous
jest-config.csv,benign
jest.csv,benign
react-scripts.csv,benign
rollup-plugin-eslint.csv,malicous
ember-cli-uglify.csv,malicous
markdown-it-container.csv,benign
stylus.csv,benign
xo.csv,benign
vuepress.csv,malicous
ember-cli-content-security-policy.csv,malicous
ember-cli.csv,benign
ts-pnp.csv,benign
babel-plugin-transform-flow-strip-types.csv,benign
md5.csv,benign
gulp-tslint.csv,malicous
chai-as-promised.csv,benign
grunt-contrib-watch.csv,benign
acorn.csv,benign
rollup.csv,benign
chalk.csv,benign
codecov.csv,malicous
ember-cli-ic-ajax.csv,malicous
which.csv,benign
normalize.css.csv,benign
react-dnd-html5-backend.csv,benign
karma-safari-launcher.csv,malicous
typescript.csv,benign
babel-plugin-transform-vue-jsx.csv,malicous
karma-ie-launcher.csv,malicous
jasmine-core.csv,benign
eslint-plugin-ember.csv,malicous
babel-loader.csv,benign
bower.csv,benign
rollup-plugin-filesize.csv,malicous
vows.csv,benign
grunt-contrib-jshint.csv,benign
antd.csv,benign
mocha.csv,benign
regenerator-runtime.csv,benign
iconv-lite.csv,benign
ember-cli-app-version.csv,malicous
nwb.csv,malicous
friendly-errors-webpack-plugin.csv,benign
yup.csv,benign
zone.js.csv,benign
awesome-typescript-loader.csv,benign
jasmine-spec-reporter.csv,benign
ncp.csv,benign
phantomjs.csv,malicous
open.csv,benign
eslint-config-xo.csv,malicous
gulp-load-plugins.csv,benign
gulp-debug.csv,benign
babel-plugin-external-helpers.csv,malicous
merge2.csv,benign
redux.csv,benign
next.csv,benign
karma-browserify.csv,malicous
size-limit.csv,malicous
gulp-less.csv,benign
metro-react-native-babel-preset.csv,benign
egg-bin.csv,malicous
microbundle-crl.csv,malicous
eslint-plugin-jsx-a11y.csv,benign
cli-table.csv,benign
core-js.csv,benign
source-map-support.csv,benign
bignumber.js.csv,benign
gulp-rename.csv,benign
eslint-loader.csv,malicous
browserify.csv,benign
protobufjs.csv,benign
sinon.csv,benign
rollup-plugin-peer-deps-external.csv,benign
morgan.csv,benign
nodemon.csv,benign
release-it.csv,benign
gulp-postcss.csv,benign
webpack-hot-middleware.csv,benign
util.csv,benign
resolve.csv,benign
postcss-custom-properties.csv,benign
nan.csv,benign
grunt-contrib-uglify.csv,benign
babel.csv,malicous
change-case.csv,benign
immer.csv,benign
extract-text-webpack-plugin.csv,malicous
faucet.csv,malicous
temp.csv,benign
gulp-istanbul.csv,malicous
rxjs.csv,benign
yargs.csv,benign
tslint-eslint-rules.csv,benign
case-sensitive-paths-webpack-plugin.csv,benign
babel-plugin-react-transform.csv,benign
ember-cli-shims.csv,malicous
rollup-plugin-dts.csv,benign
electron.csv,benign
babel-preset-env.csv,benign
css-split-webpack-plugin.csv,malicous
marked.csv,benign
socket.io-client.csv,benign
ts-node-dev.csv,malicous
grunt-bump.csv,malicous
log-symbols.csv,benign
readline-sync.csv,benign
commitlint.csv,malicous
mock-fs.csv,benign
deep-equal.csv,benign
q.csv,benign
whatwg-fetch.csv,benign
babel-plugin-transform-react-jsx.csv,benign
sw-precache-webpack-plugin.csv,benign
puppeteer.csv,benign
react-router-dom.csv,benign
hapi.csv,malicous
tslint-config-prettier.csv,benign
should.csv,benign
underscore.csv,benign
isomorphic-fetch.csv,benign
conventional-changelog-cli.csv,malicous
enzyme-to-json.csv,benign
cpx.csv,benign
node-notifier.csv,benign
esprima.csv,benign
font-awesome.csv,benign
snazzy.csv,malicous
webpack-cli.csv,benign
ember-cli-release.csv,malicous
npm-run-all.csv,benign
tslint-config-airbnb.csv,malicous
react-bootstrap.csv,benign
broccoli-asset-rev.csv,malicous
travis-deploy-once.csv,malicous
jscs.csv,malicous
prettier.csv,benign
cross-spawn.csv,benign
babel-cli.csv,benign
jest-resolve.csv,benign
react-addons-test-utils.csv,benign
fsevents.csv,benign
lodash.throttle.csv,benign
mongodb.csv,benign
bcrypt.csv,benign
webpack-stream.csv,benign
pify.csv,benign
prop-types.csv,benign
json-loader.csv,benign
prismjs.csv,benign
svelte.csv,benign
typings.csv,malicous
gulp-coffee.csv,benign
babel-plugin-transform-regenerator.csv,benign
filesize.csv,benign
xlsx.csv,benign
semver.csv,benign
underscore.string.csv,benign
reselect.csv,benign
np.csv,benign
ajv.csv,benign
babel-plugin-add-module-exports.csv,benign
jsdoc-to-markdown.csv,benign
yarn.csv,benign
ts-loader.csv,benign
postcss-preset-env.csv,benign
redux-saga.csv,benign
markdown-it-anchor.csv,benign
koa-router.csv,benign
enzyme-adapter-react-16.csv,benign
ioredis.csv,benign
gulp-plumber.csv,benign
sinon-chai.csv,benign
chokidar.csv,benign
karma-sinon-chai.csv,malicous
babel-preset-react.csv,benign
react-select.csv,benign
request-promise.csv,malicous
istanbul.csv,malicous
ws.csv,benign
postcss.csv,benign
concat-stream.csv,benign
react-dom.csv,benign
ghooks.csv,benign
globby.csv,benign
cheerio.csv,benign
eslint-import-resolver-typescript.csv,benign
eslint-plugin-react.csv,benign
lodash.camelcase.csv,benign
canvas.csv,benign
babelify.csv,benign
ejs.csv,benign
nodemailer.csv,benign
cors.csv,benign
mysql.csv,benign
date-fns.csv,benign
load-grunt-tasks.csv,benign
gulp-sourcemaps.csv,benign
babel-plugin-transform-class-properties.csv,benign
babel-plugin-transform-object-assign.csv,benign
browser-sync.csv,benign
eslint-plugin-standard.csv,malicous
lodash.csv,benign
jest-watch-typeahead.csv,benign
typedoc-plugin-markdown.csv,malicous
http-server.csv,benign
react-helmet.csv,benign
codelyzer.csv,benign
karma-mocha-reporter.csv,benign
enzyme.csv,benign
react-router.csv,benign
express-validator.csv,benign
postcss-safe-parser.csv,benign
pg.csv,benign
commander.csv,benign
del.csv,benign
power-assert.csv,benign
winston.csv,benign
ember-export-application-global.csv,malicous
selenium-server.csv,malicous
graphql.csv,benign
exports-loader.csv,benign
merge.csv,benign
postcss-scss.csv,benign
del-cli.csv,benign
file-saver.csv,benign
path-exists.csv,benign
cross-fetch.csv,benign
cz-conventional-changelog.csv,benign
react-is.csv,benign
loader.js.csv,malicous
web3.csv,benign
husky.csv,benign
npm-check-updates.csv,benign
koa.csv,benign
typedoc.csv,benign
grunt.csv,benign
html-minifier.csv,benign
coveralls.csv,benign
systemjs.csv,benign
babel-preset-minify.csv,benign
gulp-uglify.csv,benign
mini-css-extract-plugin.csv,benign
history.csv,benign
amqplib.csv,benign
postcss-url.csv,benign
postcss-normalize.csv,benign
ng-packagr.csv,benign
lit-html.csv,benign
karma-chrome-launcher.csv,benign
request.csv,malicous
grunt-cli.csv,benign
compression-webpack-plugin.csv,benign
lolex.csv,malicous
tap-spec.csv,malicous
ember-ajax.csv,malicous
karma-firefox-launcher.csv,benign
gulp-if.csv,benign
esdoc.csv,benign
eslint-plugin-import.csv,benign
cli-color.csv,benign
autoprefixer.csv,benign
fast-sass-loader.csv,malicous
eslint-plugin-babel.csv,benign
eslint-plugin-node.csv,benign
eslint-config-xo-space.csv,malicous
ember-cli-inject-live-reload.csv,malicous
eslint-plugin-flowtype.csv,benign
babel-helper-vue-jsx-merge-props.csv,benign
simple-git.csv,benign
mustache.csv,benign
eslint-plugin-mocha.csv,benign
bn.js.csv,benign
assert.csv,benign
gulp-shell.csv,benign
ip.csv,benign
url.csv,benign
babel-preset-latest.csv,malicous
gulp-jshint.csv,benign
ember-maybe-import-regenerator.csv,malicous
json5.csv,benign
shelljs.csv,benign
html-loader.csv,benign
optimize-css-assets-webpack-plugin.csv,benign
eslint-plugin-markdown.csv,benign
recompose.csv,benign
tailwindcss.csv,benign
grunt-contrib-coffee.csv,benign
babel-plugin-import.csv,benign
gulp-replace.csv,benign
eslint-config-prettier.csv,benign
parcel-bundler.csv,malicous
bluebird.csv,benign
vinyl-source-stream.csv,benign
onchange.csv,benign
karma-mocha.csv,benign
run-sequence.csv,benign
replace-in-file.csv,benign
node-fetch.csv,benign
workbox-webpack-plugin.csv,benign
through2.csv,benign
pod-install.csv,malicous
gulp.csv,benign
helmet.csv,benign
vue-property-decorator.csv,benign
benchmark.csv,benign
rollup-plugin-url.csv,malicous
autod.csv,malicous
minimist.csv,benign
gulp-watch.csv,benign
boxen.csv,benign
yaml.csv,benign
meow.csv,benign
qs.csv,benign
yeoman-assert.csv,malicous
vue-router.csv,benign
karma-sinon.csv,malicous
http-proxy-middleware.csv,benign
stylelint.csv,benign
formik.csv,benign
time-grunt.csv,malicous
d3.csv,benign
rollup-plugin-serve.csv,malicous
mime.csv,benign
jasmine-node.csv,benign
rimraf.csv,benign
vue-template-compiler.csv,benign
yeoman-test.csv,malicous
url-loader.csv,benign
pre-commit.csv,benign
js-base64.csv,benign
bunyan.csv,benign
grunt-shell.csv,benign
ethereumjs-util.csv,benign
inject-loader.csv,malicous
rollup-plugin-typescript2.csv,benign
less.csv,benign
lodash.get.csv,benign
uglify-es.csv,malicous
eslint-config-google.csv,benign
require-dir.csv,benign
redis.csv,benign
sharp.csv,benign
readable-stream.csv,benign
pluralize.csv,benign
xml2js.csv,benign
invariant.csv,benign
uglifyjs-webpack-plugin.csv,benign
loader-utils.csv,benign
eslint-config-egg.csv,malicous
multer.csv,benign
react.csv,benign
ember-source.csv,malicous
compression.csv,benign
raw-loader.csv,benign
vue-html-loader.csv,malicous
karma-sauce-launcher.csv,malicous
classnames.csv,benign
lit-element.csv,benign
graphql-tag.csv,benign
webpack-dev-middleware.csv,benign
esbuild.csv,benign
grunt-karma.csv,benign
gulp-util.csv,malicous
vite-plugin-dts.csv,malicous
async-validator.csv,benign
socket.io.csv,benign
buffer.csv,benign
stylelint-config-prettier.csv,benign
mobx.csv,benign
ember-disable-prototype-extensions.csv,malicous
gulp-imagemin.csv,benign
rollup-plugin-sourcemaps.csv,benign
babel-runtime.csv,benign
karma-sourcemap-loader.csv,benign
ember-cli-qunit.csv,malicous
sass-loader.csv,benign
eslint-plugin-html.csv,benign
cross-env.csv,benign
color.csv,benign
sqlite3.csv,benign
koa-static.csv,benign
styled-components.csv,benign
html-webpack-plugin.csv,benign
pug.csv,benign
gulp-filter.csv,benign
firebase.csv,benign
vue-i18n.csv,benign
xmldom.csv,benign
eslint-config-airbnb-base.csv,benign
karma-chai.csv,benign
rollup-plugin-vue.csv,malicous
hammerjs.csv,benign
mysql2.csv,benign
vitest.csv,benign
node-nats-streaming.csv,benign
eslint-plugin-prettier.csv,benign
uuid.csv,benign
sequelize.csv,benign
tslint-loader.csv,malicous
express.csv,benign
rollup-plugin-commonjs.csv,malicous
babel-plugin-component.csv,malicous
dateformat.csv,benign
ember-resolver.csv,malicous
gulp-connect.csv,benign
tsconfig-paths.csv,benign
shx.csv,benign
form-data.csv,benign
eslint-plugin-simple-import-sort.csv,benign
faker.csv,benign
async.csv,benign
sass.csv,benign
mobx-react.csv,benign
postcss-flexbugs-fixes.csv,benign
expect.js.csv,benign
redux-thunk.csv,benign
cookie.csv,benign
tap.csv,benign
ava.csv,benign
graceful-fs.csv,benign
babel-plugin-transform-es2015-modules-umd.csv,benign
gulp-concat.csv,benign
eslint-config-airbnb-typescript.csv,benign
babel-plugin-transform-async-to-generator.csv,benign
jquery.csv,benign
eventsource-polyfill.csv,benign
tsickle.csv,malicous
gulp-notify.csv,benign
node-gyp.csv,benign
escodegen.csv,benign
babel-preset-react-app.csv,benign
rollup-watch.csv,malicous
codeclimate-test-reporter.csv,malicous
safe-buffer.csv,benign
es6-shim.csv,benign
pretty-quick.csv,benign
mkdirp.csv,benign
rollup-plugin-scss.csv,malicous
uglify-js.csv,benign
element-ui.csv,benign
phantomjs-prebuilt.csv,malicous
postcss-nested.csv,benign
rollup-plugin-replace.csv,malicous
clsx.csv,benign
svgo.csv,benign
path-to-regexp.csv,benign
luxon.csv,benign
tsup.csv,malicous
grunt-contrib-clean.csv,benign
postcss-import.csv,benign
react-icons.csv,benign
babel-plugin-styled-components.csv,benign
webpack-bundle-analyzer.csv,benign
babel-plugin-transform-es2015-destructuring.csv,benign
ramda.csv,benign
tar.csv,benign
babel-preset-flow.csv,benign
rollup-plugin-node-builtins.csv,malicous
commitizen.csv,benign
eslint-friendly-formatter.csv,benign
react-app-polyfill.csv,benign
gulp-typescript.csv,benign
semantic-release.csv,benign
tmp.csv,benign
gatsby.csv,benign
optimist.csv,benign
inherits.csv,benign
js-yaml.csv,benign
ethers.csv,benign
babel-core.csv,benign
ts-node.csv,benign
chai-spies.csv,malicous
clear.csv,benign
react-intl.csv,benign
dayjs.csv,benign
eslint-plugin-vue.csv,benign
npm.csv,benign
serve-favicon.csv,benign
prompts.csv,benign
babel-plugin-transform-decorators-legacy.csv,benign
jest-serializer-vue.csv,malicous
karma-spec-reporter.csv,benign
less-plugin-sass2less.csv,malicous
vue-class-component.csv,benign
watchify.csv,benign
validate-npm-package-name.csv,benign
webpack-node-externals.csv,benign
request-promise-native.csv,malicous
parcel.csv,benign
raf.csv,benign
rollup-plugin-buble.csv,malicous
event-stream.csv,benign
recursive-readdir.csv,benign
grunt-contrib-cssmin.csv,benign
ini.csv,benign
gulp-babel.csv,benign
ember-source-channel-url.csv,malicous
passport.csv,benign
rollup-plugin-typescript.csv,malicous
babel-plugin-named-asset-import.csv,benign
ember-try.csv,malicous
vue-tsc.csv,malicous
redux-logger.csv,benign
bootstrap.csv,benign
jest-junit.csv,benign
eslint-plugin-jsdoc.csv,benign
config.csv,benign
eslint-config-standard.csv,benign
fast-glob.csv,benign
clone.csv,benign
matchdep.csv,benign
eslint-plugin-react-hooks.csv,benign
connect.csv,benign
grunt-contrib-copy.csv,benign
eslint-import-resolver-webpack.csv,benign
prettier-eslint.csv,benign
gulp-mocha.csv,benign
merge-stream.csv,benign
babel-jest.csv,benign
fs.csv,malicous
download-git-repo.csv,benign
extend.csv,benign
isparta.csv,malicous
serve.csv,benign
got.csv,benign
rollup-plugin-visualizer.csv,benign
jshint.csv,benign
debug.csv,benign
stylus-loader.csv,benign
jasmine.csv,benign
babel-preset-es2017.csv,malicous
babel-polyfill.csv,benign
koa-bodyparser.csv,benign
karma-webpack.csv,benign
highlight.js.csv,benign
typeorm.csv,benign
cypress.csv,benign
pino.csv,benign
reflect-metadata.csv,benign
validate-commit-msg.csv,malicous
handlebars.csv,benign
webpack.csv,benign
postcss-loader.csv,benign
npmlog.csv,benign
brfs.csv,benign
karma-jasmine.csv,benign
babel-preset-es2015.csv,malicous
portfinder.csv,benign
child_process.csv,benign
ember-cli-dependency-checker.csv,malicous
gulp-autoprefixer.csv,benign
node-uuid.csv,malicous
mockjs.csv,benign
i18next.csv,benign
babel-register.csv,benign
path.csv,benign
node-sass.csv,benign
ember-cli-htmlbars-inline-precompile.csv,malicous
eventemitter3.csv,benign
copy-webpack-plugin.csv,benign
karma-cli.csv,benign
grunt-browserify.csv,benign
imports-loader.csv,benign
serve-static.csv,benign
tape.csv,benign
update-notifier.csv,benign
vue.csv,benign
postcss-cli.csv,benign
gulp-header.csv,benign
stylelint-config-standard.csv,benign
glob.csv,benign
babel-plugin-istanbul.csv,benign
lodash-es.csv,benign
lodash.clonedeep.csv,benign
gulp-minify-css.csv,malicous
lodash.isequal.csv,benign
rollup-plugin-node-resolve.csv,malicous
express-session.csv,benign
gulp-clean-css.csv,benign
nunjucks.csv,benign
crypto-js.csv,benign
nsp.csv,malicous
react-dev-utils.csv,benign
ember-cli-eslint.csv,malicous
identity-obj-proxy.csv,benign
rollup-plugin-uglify.csv,benign
popper.js.csv,malicous
jsonfile.csv,benign
events.csv,benign
react-transition-group.csv,benign
prettier-eslint-cli.csv,malicous
nyc.csv,benign
react-redux.csv,benign
grunt-contrib-nodeunit.csv,malicous
lint-staged.csv,benign
electron-lite.csv,malicous
react-dnd.csv,benign
microbundle.csv,benign
karma-coverage.csv,benign
protractor.csv,malicous
progress.csv,benign
expect.csv,benign
markdown-it.csv,benign
svg-sprite-loader.csv,benign
crypto.csv,malicous
babel-plugin-syntax-dynamic-import.csv,benign
camelcase.csv,benign
ts-jest.csv,benign
execa.csv,benign
tsdx.csv,malicous
eslint-config-airbnb.csv,benign
postcss-cssnext.csv,malicous
jest-extended.csv,malicous
jsdom-global.csv,malicous
supertest.csv,benign
nodeunit.csv,malicous
gulp-bump.csv,benign
tslint-plugin-prettier.csv,malicous
code.csv,malicous
vue-style-loader.csv,benign
shortid.csv,benign
archiver.csv,benign
ember-data.csv,malicous
stylelint-order.csv,benign
connect-history-api-fallback.csv,benign
style-loader.csv,benign
class-validator.csv,benign
adm-zip.csv,benign
babel-eslint.csv,malicous
eslint-watch.csv,benign
warning.csv,benign
nock.csv,benign
validator.csv,benign
less-loader.csv,benign
global.csv,benign
ember-cli-babel.csv,benign
yeoman-generator.csv,benign
ms.csv,benign
resize-observer-polyfill.csv,benign
moment-timezone.csv,benign
moment.csv,benign
co.csv,benign
grunt-release.csv,malicous
babel-plugin-transform-react-remove-prop-types.csv,benign
fs-extra.csv,benign
web-vitals.csv,benign
uppercamelcase.csv,malicous
hoist-non-react-statics.csv,benign
js-cookie.csv,benign
vite.csv,benign
joi.csv,benign
opn.csv,malicous
vue-hot-reload-api.csv,benign
grunt-contrib-concat.csv,benign
vinyl-buffer.csv,benign
react-test-renderer.csv,benign
requirejs.csv,benign
nanoid.csv,benign
es6-promise.csv,benign
rollup-plugin-babel.csv,malicous
strip-ansi.csv,benign
css-loader.csv,benign
babel-plugin-transform-object-rest-spread.csv,benign
jade.csv,malicous
file-loader.csv,benign
babel-plugin-lodash.csv,benign
eslint-plugin-promise.csv,benign
log4js.csv,benign
concurrently.csv,benign
watch.csv,benign
axios.csv,benign
eslint-plugin-n.csv,benign
react-hot-loader.csv,benign
figlet.csv,benign
promise.csv,benign
gulp-sass.csv,benign
source-map-loader.csv,benign
babel-preset-react-native.csv,malicous
babel-plugin-syntax-jsx.csv,benign
proxyquire.csv,benign
babel-preset-stage-2.csv,benign
grunt-mocha-test.csv,benign
esm.csv,benign
dotenv-expand.csv,benign
angular.csv,malicous
fork-ts-checker-webpack-plugin.csv,benign
eslint-config-react-app.csv,benign
discord.js.csv,benign
rollup-plugin-json.csv,malicous
jsonwebtoken.csv,benign
documentation.csv,benign
karma-phantomjs-launcher.csv,malicous
node-emoji.csv,benign
vuex.csv,benign
webpack-merge.csv,benign
bindings.csv,benign
standard.csv,benign
eslint-plugin-json.csv,benign
jest-cli.csv,benign
istanbul-instrumenter-loader.csv,benign
app-root-path.csv,benign
stylelint-scss.csv,benign
cssnano.csv,benign
eslint-plugin-unicorn.csv,benign
babel-plugin-transform-runtime.csv,benign
babel-plugin-module-resolver.csv,benign
jsdoc.csv,benign
babel-preset-es2015-rollup.csv,malicous
chai.csv,benign
jszip.csv,benign
tslint-react.csv,malicous
clipboard.csv,benign
babel-preset-stage-3.csv,benign
terser-webpack-plugin.csv,benign
webpack-manifest-plugin.csv,benign
echarts.csv,benign
flow-bin.csv,benign
ember-load-initializers.csv,malicous
rollup-plugin-postcss.csv,benign
deepmerge.csv,benign
tslint-config-standard.csv,malicous
codemirror.csv,benign
grunt-contrib-connect.csv,benign
cookie-session.csv,benign
gulp-cssmin.csv,benign
three.csv,benign
progress-bar-webpack-plugin.csv,benign
lab.csv,malicous
grunt-eslint.csv,benign
karma-coverage-istanbul-reporter.csv,benign
babel-plugin-transform-es2015-modules-commonjs.csv,benign
standard-version.csv,benign
ember-cli-htmlbars.csv,benign
babel-preset-stage-1.csv,benign
utility2.csv,malicous
xtend.csv,benign
rewire.csv,benign
object-assign.csv,benign
vue-jest.csv,malicous
gulp-eslint.csv,benign
mongoose.csv,benign
diff.csv,benign
lerna.csv,benign
terser.csv,benign
rollup-plugin-terser.csv,malicous
karma.csv,benign
clean-css.csv,benign
ora.csv,benign
eslint-config-standard-react.csv,benign
vuedraggable.csv,benign
tslint.csv,malicous
yosay.csv,benign
install.csv,benign
jwt-decode.csv,benign
mocha-lcov-reporter.csv,malicous
ember-cli-sri.csv,malicous
gulp-clean.csv,benign
tsd.csv,benign
dotenv.csv,benign
pump.csv,benign
prompt.csv,benign
jest-styled-components.csv,malicous
babel-preset-stage-0.csv,benign
jest-environment-jsdom.csv,benign
lodash.merge.csv,benign
clean-webpack-plugin.csv,benign
jshint-stylish.csv,benign
cookie-parser.csv,benign
pnp-webpack-plugin.csv,benign
